{
    "base_score": 0.380924762889507,
    "early_stopping_rounds": 40,
    "max_depth": 200,
    "learning_rate": 0.06,
    "n_estimators": 150,
    "gamma": 0.0,
    "min_child_weight": 7,
    "subsample": 0.5719023844219375,
    "colsample_bytree": 0.6349243426308729,
    "colsample_bynode": 1.0,
    "colsample_bylevel": 1.0,
    "max_delta_step": 0.0,
    "reg_lambda": 0.9765514015875401
}