{
    "early_stopping_rounds": 296,
    "max_depth": 265,
    "learning_rate": 0.06353100803653348,
    "n_estimators": 46,
    "gamma": 0.5377048949263098,
    "min_child_weight": 7,
    "subsample": 0.570177180656792,
    "colsample_bytree": 0.962822244227529,
    "colsample_bynode": 0.9957326809295394,
    "colsample_bylevel": 0.5162484309158684,
    "max_delta_step": 4,
    "reg_lambda": 0.8110680642468295
}