{
    "base_score": 0.380924762889507,
    "early_stopping_rounds": 20,
    "max_depth": 65,
    "learning_rate": 0.06,
    "n_estimators": 150,
    "gamma": 0.9,
    "min_child_weight": 6,
    "subsample": 0.5719023844219375,
    "colsample_bytree": 0.8815691043681952
}